{"auc_roc": 0.88818359375, "brier_score": 0.13380485091751732}